gender,parental level of education,lunch,test preparation course,race_group A,race_group B,race_group C,race_group D,race_group E,reading_writing_score,math score,total score,result,mention_code
0,4,1,0,0,1,0,0,0,73.0,72,72.67,1,2
0,2,1,1,0,0,1,0,0,89.0,69,82.33,1,3
0,5,1,0,0,1,0,0,0,94.0,90,92.67,1,4
1,3,0,0,1,0,0,0,0,50.5,47,49.33,0,0
1,2,1,0,0,0,1,0,0,76.5,76,76.33,1,2
0,3,1,0,0,1,0,0,0,80.5,71,77.33,1,2
0,2,1,1,0,1,0,0,0,93.5,88,91.67,1,4
1,2,0,0,0,1,0,0,0,41.0,40,40.67,0,0
1,1,0,1,0,0,0,1,0,65.5,64,65.0,1,1
0,1,0,0,0,1,0,0,0,55.0,38,49.33,0,0
1,3,1,0,0,0,1,0,0,53.0,58,54.67,1,1
1,3,1,0,0,0,0,1,0,47.5,40,45.0,0,0
0,1,1,0,0,1,0,0,0,77.0,65,73.0,1,2
1,2,1,1,1,0,0,0,0,71.0,78,73.33,1,2
0,5,1,0,1,0,0,0,0,55.5,50,53.67,1,1
0,0,1,0,0,0,1,0,0,76.5,69,74.0,1,2
1,1,1,0,0,0,1,0,0,87.5,88,87.67,1,3
0,0,0,0,0,1,0,0,0,30.0,27,29.0,0,0
1,5,0,1,0,0,1,0,0,44.0,46,44.67,0,0
0,3,0,0,0,0,1,0,0,59.5,54,57.67,1,1
1,1,1,0,0,0,0,1,0,66.0,66,66.0,1,1
0,2,0,1,0,1,0,0,0,72.5,65,70.0,1,2
1,2,1,0,0,0,0,1,0,53.5,44,50.33,1,1
0,0,1,0,0,0,1,0,0,73.0,69,71.67,1,2
1,4,0,1,0,0,0,1,0,75.5,74,75.0,1,2
1,5,0,0,1,0,0,0,0,73.0,73,73.0,1,2
1,2,1,0,0,1,0,0,0,54.5,69,59.33,1,1
0,4,1,0,0,0,1,0,0,72.0,67,70.33,1,2
1,1,1,0,0,0,1,0,0,67.5,70,68.33,1,1
0,5,1,0,0,0,0,1,0,72.5,62,69.0,1,1
0,2,1,0,0,0,0,1,0,74.0,69,72.33,1,2
0,2,1,0,0,1,0,0,0,63.0,63,63.0,1,1
0,5,0,0,0,0,0,0,1,68.5,56,64.33,1,1
1,2,1,0,0,0,0,1,0,40.0,40,40.0,0,0
1,2,1,0,0,0,0,0,1,84.5,97,88.67,1,3
1,3,1,1,0,0,0,0,1,80.0,81,80.33,1,3
0,3,1,0,0,0,0,1,0,82.0,74,79.33,1,2
0,0,0,0,0,0,0,1,0,61.5,50,57.67,1,1
0,3,0,1,0,0,0,1,0,89.0,75,84.33,1,3
1,3,0,0,0,1,0,0,0,56.5,57,56.67,1,1
1,3,0,0,0,0,1,0,0,57.5,55,56.67,1,1
0,3,1,0,0,0,1,0,0,70.5,58,66.33,1,1
0,3,1,0,0,1,0,0,0,61.5,53,58.67,1,1
1,2,0,1,0,1,0,0,0,65.5,59,63.33,1,1
0,3,0,0,0,0,0,0,1,55.0,50,53.33,1,1
1,3,1,0,0,1,0,0,0,55.5,65,58.67,1,1
0,3,1,1,1,0,0,0,0,63.5,55,60.67,1,1
0,1,1,0,0,0,1,0,0,73.5,66,71.0,1,2
0,3,0,1,0,0,0,1,0,75.0,57,69.0,1,1
1,1,1,1,0,0,1,0,0,83.0,82,82.67,1,3
1,2,1,0,0,0,0,0,1,51.5,53,52.0,1,1
1,3,0,1,0,0,0,0,1,68.5,77,71.33,1,2
1,2,1,0,0,0,1,0,0,43.0,53,46.33,0,0
1,1,1,0,0,0,0,1,0,76.5,88,80.33,1,3
0,0,0,1,0,0,1,0,0,85.5,71,80.67,1,3
0,1,0,0,0,0,1,0,0,42.0,33,39.0,0,0
0,3,1,1,0,0,0,0,1,85.5,82,84.33,1,3
1,3,1,0,0,0,0,1,0,52.0,52,52.0,1,1
1,2,1,1,0,0,0,1,0,58.5,58,58.33,1,1
0,0,0,0,0,0,1,0,0,27.4375,27,27.29,0,0
1,4,0,1,0,0,0,0,1,73.0,79,75.0,1,2
1,0,0,0,1,0,0,0,0,36.5,39,37.33,0,0
1,3,0,0,1,0,0,0,0,58.0,62,59.33,1,1
0,3,1,0,0,0,1,0,0,75.5,69,73.33,1,2
0,0,1,0,0,0,0,1,0,58.5,59,58.67,1,1
1,0,1,0,0,1,0,0,0,62.5,67,64.0,1,1
1,0,0,0,0,0,0,1,0,37.0,45,39.67,0,0
0,2,1,0,0,0,1,0,0,73.0,60,68.67,1,1
1,3,0,0,0,1,0,0,0,57.0,61,58.33,1,1
0,3,1,0,0,0,1,0,0,60.5,39,53.33,1,1
0,2,0,1,0,0,0,1,0,68.0,58,64.67,1,1
1,2,1,1,0,0,0,1,0,59.0,63,60.33,1,1
0,3,0,0,1,0,0,0,0,49.5,41,46.67,0,0
1,0,0,0,0,0,1,0,0,56.5,61,58.0,1,1
1,0,1,0,0,0,1,0,0,45.0,49,46.33,0,0
1,3,0,0,0,1,0,0,0,39.5,44,41.0,0,0
1,0,1,0,0,0,0,0,1,27.4375,30,28.29,0,0
1,4,1,1,1,0,0,0,0,79.5,80,79.67,1,2
0,0,1,1,0,0,0,1,0,73.0,61,69.0,1,1
0,5,1,0,0,0,0,0,1,68.0,62,66.0,1,1
0,3,1,0,0,1,0,0,0,49.5,47,48.67,0,0
1,1,0,0,0,1,0,0,0,45.0,49,46.33,0,0
1,2,0,1,1,0,0,0,0,50.5,50,50.33,1,1
1,3,1,0,0,0,0,0,1,63.5,72,66.33,1,1
1,1,0,0,0,0,0,1,0,36.5,42,38.33,0,0
0,2,1,0,0,0,1,0,0,81.0,73,78.33,1,2
0,2,0,0,0,0,1,0,0,85.5,76,82.33,1,3
0,3,1,0,0,0,0,1,0,72.5,71,72.0,1,2
0,2,1,0,1,0,0,0,0,68.5,58,65.0,1,1
0,0,1,0,0,0,0,1,0,84.0,73,80.33,1,3
0,4,1,0,0,0,1,0,0,73.0,65,70.33,1,2
1,1,0,0,0,0,1,0,0,35.0,27,32.33,0,0
1,1,1,0,0,0,1,0,0,75.0,71,73.67,1,2
1,3,0,1,0,0,1,0,0,47.5,43,46.0,0,0
0,2,1,0,0,1,0,0,0,89.0,79,85.67,1,3
1,3,0,1,0,0,1,0,0,81.5,78,80.33,1,3
1,0,1,1,0,1,0,0,0,64.0,65,64.33,1,1
0,2,1,1,0,0,0,0,1,71.0,63,68.33,1,1
0,2,0,0,0,0,0,1,0,64.5,58,62.33,1,1
0,4,1,0,0,0,0,1,0,64.5,65,64.67,1,1
1,2,1,0,0,1,0,0,0,67.0,79,71.0,1,2
1,4,1,1,0,0,0,1,0,74.0,68,72.0,1,2
0,3,1,0,0,0,0,1,0,90.0,85,88.33,1,3
1,1,1,1,0,1,0,0,0,45.5,60,50.33,1,1
1,2,1,1,0,0,1,0,0,88.0,98,91.33,1,4
0,2,1,0,0,0,1,0,0,69.5,58,65.67,1,1
0,5,1,0,0,0,0,1,0,100.0,87,95.67,1,4
1,3,1,1,0,0,0,0,1,63.5,66,64.33,1,1
0,3,0,0,0,1,0,0,0,73.0,52,66.0,1,1
0,0,1,0,0,1,0,0,0,68.0,70,68.67,1,1
0,3,0,1,0,0,0,1,0,93.5,77,88.0,1,3
1,1,1,0,0,0,1,0,0,52.0,62,55.33,1,1
1,3,1,0,1,0,0,0,0,50.0,54,51.33,1,1
0,2,1,0,0,0,0,1,0,56.0,51,54.33,1,1
0,4,1,1,0,0,0,0,1,100.0,99,99.67,1,4
1,1,1,0,0,0,1,0,0,75.5,84,78.33,1,2
0,4,0,0,0,1,0,0,0,83.5,75,80.67,1,3
0,4,1,0,0,0,0,1,0,80.5,78,79.67,1,2
0,0,1,0,0,0,0,1,0,62.0,51,58.33,1,1
0,2,1,0,0,0,1,0,0,67.0,55,63.0,1,1
0,4,1,1,0,0,1,0,0,90.5,79,86.67,1,3
1,3,1,1,0,1,0,0,0,90.5,91,90.67,1,4
0,2,1,1,0,0,1,0,0,93.0,88,91.33,1,4
1,1,0,0,0,0,0,1,0,56.5,63,58.67,1,1
1,2,1,0,0,0,0,0,1,76.5,83,78.67,1,2
0,1,1,0,0,1,0,0,0,90.5,87,89.33,1,3
1,0,1,0,0,1,0,0,0,67.5,72,69.0,1,1
1,2,1,1,0,0,0,1,0,75.5,65,72.0,1,2
1,5,1,0,0,0,0,1,0,78.0,82,79.33,1,2
0,4,1,0,1,0,0,0,0,50.0,51,50.33,1,1
1,5,1,0,0,0,0,1,0,83.0,89,85.0,1,3
1,0,0,1,0,0,1,0,0,38.5,53,43.33,0,0
1,2,0,1,0,0,0,0,1,72.0,87,77.0,1,2
0,2,1,1,0,0,1,0,0,82.5,75,80.0,1,3
1,4,0,1,0,0,0,1,0,77.0,74,76.0,1,2
1,4,1,0,0,0,1,0,0,51.5,58,53.67,1,1
1,0,1,1,0,1,0,0,0,47.5,51,48.67,0,0
1,1,1,0,0,0,0,0,1,55.5,70,60.33,1,1
0,3,1,0,0,0,1,0,0,66.5,59,64.0,1,1
1,2,1,1,0,0,0,1,0,65.0,71,67.0,1,1
0,0,1,0,0,0,0,1,0,71.5,76,73.0,1,2
0,2,0,0,0,0,1,0,0,63.0,59,61.67,1,1
0,2,0,1,0,0,0,0,1,54.5,42,50.33,1,1
1,1,1,0,1,0,0,0,0,45.0,57,49.0,0,0
1,2,1,0,0,0,0,1,0,75.5,88,79.67,1,2
0,2,0,0,0,0,1,0,0,36.0,27,33.0,0,0
1,0,1,0,0,1,0,0,0,79.5,88,82.33,1,3
1,3,0,0,0,0,1,0,0,67.0,73,69.0,1,1
0,4,1,1,0,0,0,1,0,78.0,68,74.67,1,2
1,3,0,1,0,0,0,0,1,96.5,100,97.67,1,4
1,0,1,1,1,0,0,0,0,68.0,62,66.0,1,1
1,4,1,0,1,0,0,0,0,67.5,77,70.67,1,2
0,3,1,1,0,1,0,0,0,68.0,59,65.0,1,1
1,4,1,0,0,0,0,1,0,48.0,54,50.0,1,1
1,0,1,0,0,0,0,1,0,64.0,62,63.33,1,1
0,2,1,1,0,0,1,0,0,88.5,70,82.33,1,3
0,1,0,1,0,0,0,0,1,76.0,66,72.67,1,2
1,2,0,0,0,1,0,0,0,60.0,60,60.0,1,1
0,3,1,1,0,1,0,0,0,86.5,61,78.0,1,2
1,3,0,0,0,0,0,1,0,63.0,66,64.0,1,1
1,3,0,1,0,1,0,0,0,76.0,82,78.0,1,2
0,2,0,1,0,0,0,0,1,86.5,75,82.67,1,3
1,5,0,0,0,1,0,0,0,52.5,49,51.33,1,1
1,1,1,0,0,0,1,0,0,51.0,52,51.33,1,1
0,5,1,0,0,0,0,0,1,91.5,81,88.0,1,3
0,4,1,1,0,0,1,0,0,100.0,96,98.67,1,4
1,1,0,1,0,0,1,0,0,51.0,53,51.67,1,1
0,5,0,1,0,1,0,0,0,77.0,58,70.67,1,2
0,1,1,1,0,1,0,0,0,80.5,68,76.33,1,2
0,2,0,1,0,0,1,0,0,72.5,67,70.67,1,2
1,1,1,1,1,0,0,0,0,73.5,72,73.0,1,2
1,0,1,0,0,0,0,0,1,83.0,94,86.67,1,3
0,2,1,0,0,0,0,1,0,83.5,79,82.0,1,3
0,3,1,0,0,0,1,0,0,68.5,63,66.67,1,1
0,4,0,1,0,0,1,0,0,52.5,43,49.33,0,0
0,5,1,1,0,0,1,0,0,89.0,81,86.33,1,3
0,1,0,1,0,1,0,0,0,56.0,46,52.67,1,1
0,3,1,1,0,0,1,0,0,77.0,71,75.0,1,2
0,5,0,1,0,1,0,0,0,66.0,52,61.33,1,1
0,0,1,1,0,0,0,1,0,100.0,97,99.0,1,4
1,5,0,1,0,0,1,0,0,71.5,62,68.33,1,1
0,2,0,0,0,0,1,0,0,65.0,46,58.67,1,1
0,1,1,0,0,0,0,0,1,48.5,50,49.0,0,0
0,3,1,0,0,0,0,1,0,69.5,65,68.0,1,1
1,0,0,1,0,0,1,0,0,50.5,45,48.67,0,0
1,3,0,1,0,0,1,0,0,66.0,65,65.67,1,1
1,1,1,0,0,0,0,0,1,70.5,80,73.67,1,2
1,0,1,1,0,0,0,1,0,67.0,62,65.33,1,1
1,0,0,0,0,1,0,0,0,48.5,48,48.33,0,0
0,4,1,0,0,0,1,0,0,87.5,77,84.0,1,3
0,3,1,0,0,0,0,0,1,67.0,66,66.67,1,1
1,2,1,1,0,0,0,1,0,81.0,76,79.33,1,2
0,0,1,0,0,1,0,0,0,65.0,62,64.0,1,1
1,2,1,1,0,0,0,1,0,62.0,77,67.0,1,1
0,5,1,1,0,0,1,0,0,84.5,69,79.33,1,2
1,3,1,0,0,0,0,1,0,53.5,61,56.0,1,1
1,0,0,1,0,0,1,0,0,67.0,59,64.33,1,1
1,1,0,0,0,0,0,0,1,53.5,55,54.0,1,1
0,2,0,0,0,1,0,0,0,54.0,45,51.0,1,1
0,4,0,0,0,1,0,0,0,77.5,78,77.67,1,2
0,3,1,1,0,0,1,0,0,85.0,67,79.0,1,2
0,2,0,0,0,0,0,1,0,79.0,65,74.33,1,2
1,3,1,0,0,0,1,0,0,73.0,69,71.67,1,2
0,3,1,0,0,1,0,0,0,68.5,57,64.67,1,1
1,2,1,0,0,0,1,0,0,41.5,59,47.33,0,0
1,0,1,1,0,0,0,1,0,74.5,74,74.33,1,2
1,4,1,0,0,0,0,0,1,62.0,82,68.67,1,1
1,1,1,1,0,0,0,0,1,78.0,81,79.0,1,2
0,2,0,0,0,1,0,0,0,78.5,74,77.0,1,2
0,2,0,0,0,1,0,0,0,63.5,58,61.67,1,1
1,0,0,1,0,0,0,1,0,79.0,80,79.33,1,2
1,2,0,0,0,0,1,0,0,28.0,35,30.33,0,0
0,1,0,0,0,0,1,0,0,61.0,42,54.67,1,1
1,3,0,1,0,0,1,0,0,53.5,60,55.67,1,1
1,1,1,1,0,0,0,0,1,86.0,87,86.33,1,3
1,0,1,1,0,1,0,0,0,79.0,84,80.67,1,3
0,3,0,1,0,0,0,0,1,87.0,83,85.67,1,3
0,1,0,0,0,0,1,0,0,40.5,34,38.33,0,0
1,1,0,0,0,1,0,0,0,73.5,66,71.0,1,2
1,0,1,1,0,1,0,0,0,56.0,61,57.67,1,1
0,1,1,1,0,0,0,1,0,71.0,56,66.0,1,1
1,3,1,0,0,1,0,0,0,79.0,87,81.67,1,3
0,0,0,0,0,0,1,0,0,63.5,55,60.67,1,1
1,0,1,0,0,0,0,1,0,77.5,86,80.33,1,3
0,3,1,1,0,1,0,0,0,69.5,52,63.67,1,1
0,5,0,0,0,0,0,0,1,55.0,45,51.67,1,1
0,2,1,0,0,0,1,0,0,71.5,72,71.67,1,2
1,1,1,0,0,0,0,1,0,52.0,57,53.67,1,1
1,0,0,0,1,0,0,0,0,68.0,68,68.0,1,1
0,2,1,1,0,0,1,0,0,94.5,88,92.33,1,4
1,2,1,0,0,0,0,1,0,65.0,76,68.67,1,1
1,3,1,0,0,0,1,0,0,42.5,46,43.67,0,0
0,4,1,0,0,1,0,0,0,84.5,67,78.67,1,2
1,0,1,0,0,0,0,0,1,82.5,92,85.67,1,3
1,4,1,1,0,0,1,0,0,83.0,83,83.0,1,3
1,3,1,0,0,0,0,1,0,76.0,80,77.33,1,2
1,4,0,0,0,0,0,1,0,66.5,63,65.33,1,1
0,0,1,1,0,0,0,1,0,67.0,64,66.0,1,1
1,2,1,0,0,1,0,0,0,51.5,54,52.33,1,1
1,3,1,0,0,0,1,0,0,80.0,84,81.33,1,3
1,1,0,1,0,0,0,1,0,67.0,73,69.0,1,1
0,4,1,0,0,0,0,0,1,83.0,80,82.0,1,3
0,1,1,0,0,0,0,1,0,53.5,56,54.33,1,1
1,2,1,0,0,0,0,0,1,47.0,59,51.0,1,1
1,0,1,0,0,0,0,1,0,71.5,75,72.67,1,2
1,3,1,0,0,0,1,0,0,73.5,85,77.33,1,2
1,3,1,0,0,0,0,0,1,75.0,89,79.67,1,2
0,1,1,1,0,1,0,0,0,69.0,58,65.33,1,1
0,1,1,0,0,1,0,0,0,63.0,65,63.67,1,1
1,1,1,0,0,0,1,0,0,56.5,68,60.33,1,1
1,0,1,1,1,0,0,0,0,49.0,47,48.33,0,0
0,2,0,0,0,0,0,1,0,83.0,71,79.0,1,2
0,0,1,1,0,1,0,0,0,70.0,60,66.67,1,1
1,5,1,0,0,0,0,1,0,76.0,80,77.33,1,2
1,1,1,0,0,0,0,1,0,52.0,54,52.67,1,1
0,2,1,0,0,0,0,0,1,71.5,62,68.33,1,1
0,3,0,0,0,0,1,0,0,70.5,64,68.33,1,1
1,3,1,1,0,0,1,0,0,77.0,78,77.33,1,2
0,2,1,0,0,1,0,0,0,76.5,70,74.33,1,2
0,5,0,1,0,0,1,0,0,81.0,65,75.67,1,2
0,0,0,1,0,0,1,0,0,78.0,64,73.33,1,2
1,2,1,1,0,0,1,0,0,78.5,79,78.67,1,2
0,0,0,0,0,0,1,0,0,50.5,44,48.33,0,0
0,1,1,0,0,0,0,0,1,91.5,99,94.0,1,4
1,1,1,0,0,0,0,1,0,70.5,76,72.33,1,2
1,0,0,0,0,0,0,1,0,41.5,59,47.33,0,0
0,4,1,0,0,0,1,0,0,78.0,63,73.0,1,2
0,1,1,0,0,0,0,1,0,74.5,69,72.67,1,2
0,3,1,1,0,0,0,1,0,93.5,88,91.67,1,4
0,2,0,0,0,0,0,0,1,73.0,71,72.33,1,2
1,4,1,0,0,0,1,0,0,62.0,69,64.33,1,1
1,2,1,0,0,0,1,0,0,45.5,58,49.67,0,0
0,3,0,0,0,0,0,1,0,55.5,47,52.67,1,1
0,2,1,0,0,0,0,1,0,70.5,65,68.67,1,1
1,2,1,1,0,1,0,0,0,80.5,88,83.0,1,3
1,4,1,0,0,0,1,0,0,75.5,83,78.0,1,2
0,0,1,1,0,0,1,0,0,92.5,85,90.0,1,4
0,1,1,1,0,0,0,0,1,69.0,59,65.67,1,1
0,0,0,0,0,0,1,0,0,83.0,65,77.0,1,2
1,4,0,0,0,1,0,0,0,56.5,73,62.0,1,1
1,1,1,0,0,0,0,1,0,47.0,53,49.0,0,0
1,1,1,0,0,0,0,1,0,47.0,45,46.33,0,0
0,4,0,0,0,0,0,1,0,81.5,73,78.67,1,2
0,2,0,1,0,0,0,1,0,78.0,70,75.33,1,2
0,0,1,0,0,1,0,0,0,46.0,37,43.0,0,0
1,3,1,1,0,1,0,0,0,82.0,81,81.67,1,3
1,3,1,1,0,0,0,0,1,85.0,97,89.0,1,3
0,0,1,0,0,1,0,0,0,85.5,67,79.33,1,2
1,4,0,0,0,1,0,0,0,75.5,88,79.67,1,2
1,0,1,1,0,0,0,0,1,76.5,77,76.67,1,2
1,3,1,0,0,0,1,0,0,69.0,76,71.33,1,2
1,0,1,0,0,0,0,1,0,71.5,86,76.33,1,2
1,0,1,1,0,0,1,0,0,58.5,63,60.0,1,1
0,4,1,0,0,0,0,0,1,74.0,65,71.0,1,2
1,1,0,1,0,0,0,1,0,78.5,78,78.33,1,2
1,3,0,0,0,1,0,0,0,61.0,67,63.0,1,1
1,0,1,1,1,0,0,0,0,42.0,46,43.33,0,0
1,3,1,1,0,0,0,0,1,71.0,71,71.0,1,2
1,1,0,1,0,0,1,0,0,48.0,40,45.33,0,0
1,3,0,0,0,0,0,1,0,81.0,90,84.0,1,3
1,2,0,1,1,0,0,0,0,79.5,81,80.0,1,3
1,0,0,0,0,0,0,1,0,53.0,56,54.0,1,1
0,3,1,1,0,0,1,0,0,82.5,67,77.33,1,2
1,3,1,0,0,1,0,0,0,70.0,80,73.33,1,2
0,3,1,1,0,0,1,0,0,79.0,74,77.33,1,2
1,2,1,0,1,0,0,0,0,68.0,69,68.33,1,1
1,2,1,1,0,0,0,0,1,84.0,99,89.0,1,3
1,0,1,0,0,0,1,0,0,48.0,51,49.0,0,0
0,3,0,0,0,1,0,0,0,69.0,53,63.67,1,1
0,1,0,0,0,0,0,1,0,54.5,49,52.67,1,1
0,3,1,0,0,1,0,0,0,78.0,73,76.33,1,2
1,4,1,0,0,1,0,0,0,58.5,66,61.0,1,1
1,4,1,1,0,0,0,1,0,64.5,67,65.33,1,1
0,3,0,1,0,0,1,0,0,68.0,68,68.0,1,1
0,4,1,1,0,0,1,0,0,69.5,59,66.0,1,1
1,1,1,0,0,0,1,0,0,65.5,71,67.33,1,1
0,5,1,1,0,0,0,1,0,86.5,77,83.33,1,3
1,3,1,0,0,0,1,0,0,75.0,83,77.67,1,2
1,4,1,0,0,1,0,0,0,70.0,63,67.67,1,1
0,3,0,0,0,0,0,1,0,64.0,56,61.33,1,1
0,1,0,1,0,0,1,0,0,81.5,67,76.67,1,2
0,1,1,0,0,0,0,0,1,82.5,75,80.0,1,3
0,2,1,0,0,0,1,0,0,80.5,71,77.33,1,2
0,0,0,0,0,0,1,0,0,53.0,43,49.67,0,0
0,1,0,0,0,0,1,0,0,44.5,41,43.33,0,0
0,2,1,0,0,0,1,0,0,92.0,82,88.67,1,3
1,2,1,0,0,0,1,0,0,61.5,61,61.33,1,1
1,2,0,0,1,0,0,0,0,27.4375,28,27.62,0,0
1,3,1,1,0,0,1,0,0,76.0,82,78.0,1,2
0,0,1,0,0,1,0,0,0,53.0,41,49.0,0,0
1,1,1,0,0,0,1,0,0,60.5,71,64.0,1,1
1,3,1,0,0,0,1,0,0,36.0,47,39.67,0,0
1,3,1,1,0,0,0,0,1,54.5,62,57.0,1,1
1,3,1,0,0,1,0,0,0,79.5,90,83.0,1,3
0,4,1,0,0,0,1,0,0,94.0,83,90.33,1,4
0,2,0,0,0,1,0,0,0,67.0,61,65.0,1,1
1,0,1,1,0,0,0,1,0,69.5,76,71.67,1,2
1,3,1,0,0,0,1,0,0,47.0,49,47.67,0,0
0,0,0,0,0,1,0,0,0,32.5,27,30.67,0,0
0,0,0,1,0,0,0,1,0,57.5,35,50.0,1,1
1,1,0,0,0,0,1,0,0,56.5,58,57.0,1,1
0,1,1,0,0,0,1,0,0,68.0,61,65.67,1,1
0,1,1,1,0,1,0,0,0,75.0,69,73.0,1,2
1,3,1,1,0,0,0,1,0,69.5,67,68.67,1,1
1,2,1,0,0,0,0,1,0,70.0,79,73.0,1,2
0,1,1,0,0,0,1,0,0,77.5,72,75.67,1,2
1,2,1,0,0,1,0,0,0,59.0,62,60.0,1,1
0,4,1,1,0,0,1,0,0,94.5,77,88.67,1,3
1,1,0,0,0,0,0,1,0,70.0,75,71.67,1,2
1,3,1,0,0,0,0,0,1,75.0,87,79.0,1,2
0,4,1,0,0,1,0,0,0,67.0,52,62.0,1,1
1,2,1,0,0,0,0,0,1,54.5,66,58.33,1,1
0,2,1,1,0,0,1,0,0,79.0,63,73.67,1,2
0,3,1,0,0,0,1,0,0,57.5,46,53.67,1,1
0,2,1,0,0,0,1,0,0,70.5,59,66.67,1,1
0,4,1,0,0,1,0,0,0,71.0,61,67.67,1,1
1,3,1,0,1,0,0,0,0,61.0,63,61.67,1,1
0,2,0,1,0,0,1,0,0,67.5,42,59.0,1,1
1,2,0,0,0,0,0,1,0,61.5,59,60.67,1,1
0,2,1,0,0,0,0,1,0,89.5,80,86.33,1,3
0,1,1,0,0,1,0,0,0,60.5,58,59.67,1,1
1,0,1,1,0,1,0,0,0,81.0,85,82.33,1,3
0,2,1,0,0,0,1,0,0,58.0,52,56.0,1,1
0,0,0,0,0,0,0,1,0,33.0,27,31.0,0,0
1,2,1,0,0,0,1,0,0,59.0,59,59.0,1,1
1,4,0,1,1,0,0,0,0,59.0,49,55.67,1,1
1,1,1,1,0,0,1,0,0,55.5,69,60.0,1,1
1,4,0,0,0,0,1,0,0,63.5,61,62.67,1,1
0,0,0,0,1,0,0,0,0,61.0,44,55.33,1,1
0,0,1,0,0,0,0,1,0,84.5,73,80.67,1,3
1,2,1,0,0,0,0,0,1,74.0,84,77.33,1,2
0,2,0,1,0,0,1,0,0,71.5,45,62.67,1,1
1,0,1,0,0,0,0,1,0,73.0,74,73.33,1,2
0,2,1,1,0,0,0,1,0,96.5,82,91.67,1,4
0,4,1,0,0,0,0,1,0,71.5,59,67.33,1,1
1,3,0,0,0,0,0,0,1,42.0,46,43.33,0,0
0,0,1,0,0,0,0,1,0,86.0,80,84.0,1,3
0,5,0,1,0,0,0,1,0,97.5,85,93.33,1,4
0,0,1,0,1,0,0,0,0,80.0,71,77.0,1,2
1,4,1,0,1,0,0,0,0,63.0,66,64.0,1,1
0,3,1,0,0,1,0,0,0,84.5,80,83.0,1,3
1,3,1,1,0,0,1,0,0,97.5,87,94.0,1,4
1,5,0,0,0,0,1,0,0,76.0,79,77.0,1,2
0,0,0,0,0,0,0,0,1,47.0,38,44.0,0,0
0,0,0,0,1,0,0,0,0,43.0,38,41.33,0,0
0,2,1,0,0,0,0,0,1,75.5,67,72.67,1,2
0,4,1,0,0,0,0,0,1,71.5,64,69.0,1,1
0,3,0,0,0,0,1,0,0,72.5,57,67.33,1,1
0,1,1,0,0,0,0,1,0,64.0,62,63.33,1,1
1,5,1,0,0,0,0,1,0,72.5,73,72.67,1,2
1,0,0,1,0,0,0,0,1,63.0,73,66.33,1,1
0,2,1,0,0,0,0,1,0,72.5,77,74.0,1,2
1,2,1,0,0,0,0,0,1,67.0,76,70.0,1,2
1,3,1,1,0,0,1,0,0,55.0,57,55.67,1,1
0,0,1,1,0,0,1,0,0,75.5,65,72.0,1,2
1,1,0,0,1,0,0,0,0,43.0,48,44.67,0,0
0,1,0,0,0,1,0,0,0,65.0,50,60.0,1,1
0,3,1,0,0,0,1,0,0,92.0,85,89.67,1,3
1,0,1,0,0,1,0,0,0,60.0,74,64.67,1,1
1,0,1,0,0,0,0,1,0,56.5,60,57.67,1,1
0,0,1,1,0,0,1,0,0,60.5,59,60.0,1,1
1,2,1,0,1,0,0,0,0,43.0,53,46.33,0,0
0,2,0,0,1,0,0,0,0,60.0,49,56.33,1,1
0,1,1,1,0,0,0,1,0,99.5,88,95.67,1,4
0,1,1,0,0,0,1,0,0,60.5,54,58.33,1,1
0,0,1,0,0,0,1,0,0,70.5,63,68.0,1,1
1,3,1,1,0,1,0,0,0,64.0,65,64.33,1,1
0,3,1,0,0,1,0,0,0,78.5,82,79.67,1,2
0,1,0,1,0,0,0,1,0,56.5,52,55.0,1,1
1,3,1,1,0,0,0,1,0,84.5,87,85.33,1,3
0,5,1,1,0,0,0,1,0,72.5,70,71.67,1,2
1,2,1,1,0,0,0,0,1,80.5,84,81.67,1,3
1,3,1,0,0,0,0,1,0,63.0,71,65.67,1,1
1,0,1,1,0,1,0,0,0,67.0,63,65.67,1,1
0,4,0,1,0,0,1,0,0,75.5,51,67.33,1,1
1,1,1,0,0,0,0,0,1,71.0,84,75.33,1,2
1,4,1,1,0,0,1,0,0,71.0,71,71.0,1,2
1,3,1,0,0,0,1,0,0,70.0,74,71.33,1,2
1,2,1,0,0,0,0,1,0,60.5,68,63.0,1,1
1,1,0,1,0,0,0,0,1,55.0,57,55.67,1,1
0,3,0,1,0,0,1,0,0,93.0,82,89.33,1,3
0,1,1,1,0,0,0,1,0,61.0,57,59.67,1,1
0,5,0,1,0,0,0,1,0,62.5,47,57.33,1,1
0,0,1,1,1,0,0,0,0,82.5,59,74.67,1,2
1,2,0,0,0,1,0,0,0,36.5,41,38.0,0,0
0,2,0,0,0,0,1,0,0,64.5,62,63.67,1,1
1,4,1,0,0,0,1,0,0,84.5,86,85.0,1,3
1,0,0,0,0,0,1,0,0,68.0,69,68.33,1,1
1,0,0,0,1,0,0,0,0,56.0,65,59.0,1,1
1,0,0,0,0,0,1,0,0,58.5,68,61.67,1,1
1,3,0,0,0,0,1,0,0,62.5,64,63.0,1,1
0,1,1,0,0,0,1,0,0,71.0,61,67.67,1,1
1,1,1,0,0,0,1,0,0,55.5,61,57.33,1,1
0,0,0,0,1,0,0,0,0,54.5,47,52.0,1,1
1,0,1,0,0,0,1,0,0,66.0,73,68.33,1,1
1,2,0,1,0,0,1,0,0,50.5,50,50.33,1,1
1,3,1,0,0,0,0,1,0,66.0,75,69.0,1,1
1,3,0,0,0,0,0,1,0,69.5,75,71.33,1,2
1,1,1,0,0,0,1,0,0,53.5,70,59.0,1,1
1,0,1,1,0,0,0,1,0,85.0,89,86.33,1,3
0,2,1,1,0,0,1,0,0,80.0,67,75.67,1,2
0,1,1,0,0,0,0,1,0,80.5,78,79.67,1,2
0,0,0,0,1,0,0,0,0,71.0,59,67.0,1,1
0,3,1,0,0,1,0,0,0,79.5,73,77.33,1,2
1,0,0,0,1,0,0,0,0,77.5,79,78.0,1,2
0,0,1,1,0,0,1,0,0,75.5,67,72.67,1,2
1,2,0,0,0,0,0,1,0,63.0,69,65.0,1,1
1,1,1,1,0,0,1,0,0,80.5,86,82.33,1,3
1,1,1,0,0,1,0,0,0,44.0,47,45.0,0,0
1,3,1,0,0,1,0,0,0,72.5,81,75.33,1,2
0,2,0,1,0,0,1,0,0,85.0,64,78.0,1,2
0,2,1,0,0,0,0,0,1,94.5,100,96.33,1,4
0,3,0,0,0,0,1,0,0,75.5,65,72.0,1,2
1,2,0,0,0,0,1,0,0,53.5,65,57.33,1,1
0,3,0,0,0,0,1,0,0,61.5,53,58.67,1,1
1,4,0,0,0,0,1,0,0,51.5,37,46.67,0,0
0,4,1,0,0,0,0,1,0,89.0,79,85.67,1,3
1,3,0,0,0,0,0,1,0,51.0,53,51.67,1,1
0,4,1,0,0,0,0,0,1,100.0,100,100.0,1,4
1,1,1,1,0,1,0,0,0,66.5,72,68.33,1,1
1,4,0,0,0,0,1,0,0,56.5,53,55.33,1,1
1,2,0,0,0,1,0,0,0,49.5,54,51.0,1,1
0,2,1,0,0,0,0,0,1,73.0,71,72.33,1,2
0,2,0,0,0,0,1,0,0,90.5,77,86.0,1,3
1,4,1,1,1,0,0,0,0,60.0,75,65.0,1,1
0,2,1,0,0,0,1,0,0,89.0,84,87.33,1,3
0,3,0,0,0,0,0,1,0,34.5,27,32.0,0,0
1,1,0,1,1,0,0,0,0,66.0,72,68.0,1,1
0,1,0,1,1,0,0,0,0,86.5,77,83.33,1,3
1,2,1,0,0,0,1,0,0,75.0,91,80.33,1,3
0,3,1,1,0,0,1,0,0,87.5,83,86.0,1,3
0,1,1,0,0,0,1,0,0,71.5,63,68.67,1,1
0,3,1,1,0,0,1,0,0,85.0,68,79.33,1,2
0,0,1,0,0,0,0,1,0,64.0,59,62.33,1,1
0,3,1,1,0,1,0,0,0,90.5,90,90.33,1,4
0,4,1,1,0,0,0,1,0,79.5,71,76.67,1,2
1,4,1,1,0,0,0,0,1,64.0,76,68.0,1,1
1,3,1,0,0,0,0,1,0,70.0,80,73.33,1,2
0,5,1,0,0,0,0,1,0,67.0,55,63.0,1,1
1,3,1,0,0,0,0,0,1,69.0,76,71.33,1,2
1,1,1,1,0,1,0,0,0,69.5,73,70.67,1,2
0,3,0,0,0,0,0,1,0,57.5,52,55.67,1,1
1,2,0,0,0,0,1,0,0,64.5,68,65.67,1,1
1,1,1,0,1,0,0,0,0,49.0,59,52.33,1,1
0,3,1,0,0,1,0,0,0,53.0,49,51.67,1,1
1,1,1,0,0,0,1,0,0,72.5,70,71.67,1,2
1,2,0,0,0,0,0,1,0,51.5,61,54.67,1,1
0,3,0,0,0,0,1,0,0,74.5,60,69.67,1,1
1,0,1,1,0,1,0,0,0,55.0,64,58.0,1,1
1,3,0,1,1,0,0,0,0,82.0,79,81.0,1,3
0,3,0,0,1,0,0,0,0,80.5,65,75.33,1,2
0,3,1,0,0,0,1,0,0,67.0,64,66.0,1,1
0,2,1,0,0,0,1,0,0,86.5,83,85.33,1,3
0,4,1,0,0,0,1,0,0,89.0,81,86.33,1,3
0,1,1,0,0,1,0,0,0,66.0,54,62.0,1,1
1,1,1,1,0,0,0,1,0,65.0,68,66.0,1,1
0,2,1,0,0,0,1,0,0,50.0,54,51.33,1,1
0,2,0,1,0,0,0,1,0,77.0,59,71.0,1,2
0,0,1,0,0,1,0,0,0,68.5,66,67.67,1,1
1,2,1,0,0,0,0,0,1,71.5,76,73.0,1,2
0,5,1,0,0,0,0,1,0,80.5,74,78.33,1,2
0,3,1,1,0,1,0,0,0,89.5,94,91.0,1,4
1,2,0,0,0,0,1,0,0,57.5,63,59.33,1,1
0,3,1,1,0,0,0,0,1,90.5,95,92.0,1,4
0,5,0,0,0,0,0,1,0,56.5,40,51.0,1,1
0,0,1,0,0,1,0,0,0,81.0,82,81.33,1,3
1,1,1,0,1,0,0,0,0,68.0,68,68.0,1,1
1,4,0,0,0,1,0,0,0,56.5,55,56.0,1,1
1,5,1,0,0,0,1,0,0,77.5,79,78.0,1,2
0,4,1,0,0,0,1,0,0,89.5,86,88.33,1,3
1,2,1,0,0,0,0,1,0,72.0,76,73.33,1,2
1,0,1,0,1,0,0,0,0,46.5,64,52.33,1,1
1,0,0,0,0,0,0,1,0,50.5,62,54.33,1,1
0,0,1,1,0,1,0,0,0,61.5,54,59.0,1,1
0,5,0,1,0,1,0,0,0,95.5,77,89.33,1,3
0,0,1,1,0,0,1,0,0,86.0,76,82.67,1,3
0,2,1,0,0,0,0,1,0,86.5,74,82.33,1,3
0,2,1,1,0,0,0,0,1,73.5,66,71.0,1,2
0,0,1,1,0,0,0,1,0,78.0,66,74.0,1,2
0,1,0,1,0,1,0,0,0,78.5,67,74.67,1,2
1,2,1,0,0,0,0,1,0,50.5,71,57.33,1,1
0,3,1,0,0,0,1,0,0,85.0,91,87.0,1,3
1,4,1,0,0,0,0,1,0,57.5,69,61.33,1,1
1,5,0,0,0,0,1,0,0,54.5,54,54.33,1,1
1,1,1,1,0,0,1,0,0,50.5,53,51.33,1,1
1,2,1,0,0,0,0,0,1,59.5,68,62.33,1,1
1,0,0,1,0,0,1,0,0,60.5,56,59.0,1,1
0,1,0,0,0,0,1,0,0,48.0,36,44.0,0,0
0,4,0,0,0,0,0,1,0,44.0,29,39.0,0,0
0,3,1,0,0,0,1,0,0,72.0,62,68.67,1,1
0,3,1,1,0,0,1,0,0,70.0,68,69.33,1,1
0,0,1,0,0,0,1,0,0,53.5,47,51.33,1,1
1,3,1,1,0,0,0,0,1,59.5,62,60.33,1,1
0,3,1,1,0,0,0,0,1,91.0,79,87.0,1,3
1,1,1,1,0,1,0,0,0,68.5,73,70.0,1,2
0,4,0,1,0,0,1,0,0,83.0,66,77.33,1,2
1,3,1,1,0,0,1,0,0,59.0,51,56.33,1,1
0,1,1,0,0,0,0,1,0,64.0,51,59.67,1,1
1,4,1,1,0,0,0,0,1,68.5,85,74.0,1,2
1,3,1,1,1,0,0,0,0,89.0,97,91.67,1,4
1,1,1,1,0,0,1,0,0,68.5,75,70.67,1,2
1,3,0,1,0,0,0,1,0,81.0,79,80.33,1,3
0,3,1,0,0,0,1,0,0,78.0,81,79.0,1,2
0,3,1,0,0,0,0,1,0,92.0,82,88.67,1,3
0,5,1,0,0,0,0,1,0,64.5,64,64.33,1,1
1,0,0,1,0,0,0,0,1,81.5,78,80.33,1,3
0,0,1,1,1,0,0,0,0,98.5,92,96.33,1,4
1,1,1,1,0,0,1,0,0,65.5,72,67.67,1,1
0,1,0,0,0,0,1,0,0,65.5,62,64.33,1,1
1,5,1,0,0,0,1,0,0,70.5,79,73.33,1,2
1,0,0,0,0,0,1,0,0,70.5,79,73.33,1,2
1,4,0,1,0,1,0,0,0,89.0,87,88.33,1,3
0,3,1,0,0,1,0,0,0,49.0,40,46.0,0,0
1,2,0,0,0,0,0,1,0,63.0,77,67.67,1,1
1,3,1,0,0,0,0,0,1,42.5,53,46.0,0,0
0,2,0,0,0,0,1,0,0,36.0,32,34.67,0,0
0,3,1,1,0,0,1,0,0,75.5,55,68.67,1,1
1,5,0,0,0,0,1,0,0,66.5,61,64.67,1,1
0,3,0,0,0,1,0,0,0,70.0,53,64.33,1,1
1,0,1,0,0,0,0,1,0,64.0,73,67.0,1,1
0,2,1,1,0,0,0,1,0,77.0,74,76.0,1,2
0,2,1,0,0,0,1,0,0,74.0,63,70.33,1,2
1,4,1,1,0,0,1,0,0,91.0,96,92.67,1,4
0,2,0,1,0,0,0,1,0,80.0,63,74.33,1,2
1,4,0,0,0,1,0,0,0,48.5,48,48.33,0,0
1,3,1,0,0,1,0,0,0,44.0,48,45.33,0,0
0,4,0,1,0,0,0,0,1,100.0,92,97.33,1,4
0,5,0,1,0,0,0,1,0,74.5,61,70.0,1,2
1,1,0,0,0,1,0,0,0,47.5,63,52.67,1,1
1,4,0,0,0,0,0,1,0,67.5,68,67.67,1,1
1,2,1,1,0,1,0,0,0,72.5,71,72.0,1,2
1,4,1,0,1,0,0,0,0,94.0,91,93.0,1,4
0,2,1,0,0,0,1,0,0,59.0,53,57.0,1,1
0,1,0,1,0,0,1,0,0,65.0,50,60.0,1,1
0,1,1,0,0,0,0,0,1,76.0,74,75.33,1,2
1,3,0,1,1,0,0,0,0,54.0,40,49.33,0,0
1,2,1,1,1,0,0,0,0,51.5,61,54.67,1,1
0,1,1,0,0,1,0,0,0,90.0,81,87.0,1,3
0,2,0,1,0,1,0,0,0,57.0,48,54.0,1,1
0,5,1,0,0,0,0,1,0,64.5,53,60.67,1,1
0,0,1,0,0,0,0,1,0,96.5,81,91.33,1,4
0,0,1,0,0,0,0,0,1,79.5,77,78.67,1,2
0,4,0,0,0,0,0,1,0,75.5,63,71.33,1,2
0,3,1,1,0,0,0,1,0,77.5,73,76.0,1,2
0,2,1,0,0,0,0,1,0,77.0,69,74.33,1,2
0,3,1,0,0,0,1,0,0,76.0,65,72.33,1,2
0,1,1,0,1,0,0,0,0,73.0,55,67.0,1,1
0,4,0,0,0,0,1,0,0,62.5,44,56.33,1,1
0,2,1,0,0,0,1,0,0,64.5,54,61.0,1,1
0,0,1,0,1,0,0,0,0,65.5,48,59.67,1,1
1,2,0,0,0,0,1,0,0,55.5,58,56.33,1,1
1,0,1,0,1,0,0,0,0,56.0,71,61.0,1,1
1,4,1,0,0,0,0,0,1,66.0,68,66.67,1,1
0,1,1,0,0,0,0,0,1,74.5,74,74.33,1,2
0,4,1,1,0,0,1,0,0,99.5,92,97.0,1,4
0,4,1,1,0,0,1,0,0,75.5,56,69.0,1,1
1,1,0,0,0,1,0,0,0,27.4375,30,28.29,0,0
1,0,1,0,1,0,0,0,0,51.0,53,51.67,1,1
0,1,1,0,0,0,0,1,0,75.0,69,73.0,1,2
0,0,1,0,0,0,0,1,0,81.5,65,76.0,1,2
0,5,1,0,0,0,0,1,0,61.5,54,59.0,1,1
0,1,1,0,0,0,1,0,0,29.5,29,29.33,0,0
0,2,1,0,0,0,0,0,1,79.0,76,78.0,1,2
1,1,0,0,0,0,0,1,0,54.0,60,56.0,1,1
1,5,0,1,0,0,0,1,0,89.5,84,87.67,1,3
1,0,1,0,0,0,1,0,0,67.0,75,69.67,1,1
0,3,1,0,0,0,1,0,0,83.0,85,83.67,1,3
0,5,0,0,0,0,1,0,0,56.0,40,50.67,1,1
0,2,1,0,0,0,0,0,1,63.0,61,62.33,1,1
0,3,1,0,0,1,0,0,0,64.0,58,62.0,1,1
1,2,0,1,0,0,0,1,0,61.5,69,64.0,1,1
0,2,1,0,0,0,1,0,0,62.5,58,61.0,1,1
1,4,1,1,0,0,1,0,0,90.5,94,91.67,1,4
0,3,1,0,0,0,1,0,0,75.5,65,72.0,1,2
0,3,1,0,1,0,0,0,0,93.0,82,89.33,1,3
0,1,1,0,0,0,1,0,0,70.0,60,66.67,1,1
0,4,1,0,0,0,0,0,1,41.5,37,40.0,0,0
1,4,1,0,0,0,0,1,0,80.5,88,83.0,1,3
1,5,1,0,0,0,0,1,0,82.5,95,86.67,1,3
1,3,0,1,0,0,1,0,0,70.5,65,68.67,1,1
0,1,0,0,0,0,1,0,0,57.5,35,50.0,1,1
1,4,0,0,0,1,0,0,0,59.5,62,60.33,1,1
1,1,0,1,0,0,1,0,0,51.5,58,53.67,1,1
1,2,1,1,1,0,0,0,0,91.0,100,94.0,1,4
0,4,0,0,0,0,0,0,1,60.0,61,60.33,1,1
1,2,1,1,0,0,0,1,0,98.0,100,98.67,1,4
1,3,0,1,0,1,0,0,0,66.5,69,67.33,1,1
1,3,1,0,0,0,0,1,0,47.0,61,51.67,1,1
1,2,0,0,0,0,0,1,0,51.5,49,50.67,1,1
0,0,1,1,0,0,1,0,0,53.0,44,50.0,1,1
1,2,1,0,0,0,0,1,0,67.0,67,67.0,1,1
1,1,1,0,0,1,0,0,0,62.5,79,68.0,1,1
0,4,1,1,0,1,0,0,0,77.5,66,73.67,1,2
0,1,1,0,0,0,1,0,0,86.5,75,82.67,1,3
1,0,1,0,0,0,0,1,0,82.0,84,82.67,1,3
1,1,1,0,1,0,0,0,0,69.0,71,69.67,1,1
0,1,0,1,0,1,0,0,0,80.5,67,76.0,1,2
0,0,1,1,0,0,0,1,0,90.0,80,86.67,1,3
1,2,1,0,0,0,0,0,1,75.0,86,78.67,1,2
0,3,1,0,0,0,0,1,0,73.5,76,74.33,1,2
1,1,1,0,0,0,0,1,0,51.5,41,48.0,0,0
0,3,0,1,0,0,0,1,0,89.0,74,84.0,1,3
0,0,0,0,0,1,0,0,0,80.0,72,77.33,1,2
0,1,1,1,0,0,0,0,1,79.5,74,77.67,1,2
1,1,1,0,0,1,0,0,0,62.5,70,65.0,1,1
0,4,1,1,0,1,0,0,0,81.0,65,75.67,1,2
0,3,1,0,0,0,0,1,0,67.5,59,64.67,1,1
0,1,0,0,0,0,0,0,1,65.0,64,64.67,1,1
0,1,1,0,0,1,0,0,0,54.0,50,52.67,1,1
0,2,1,1,0,0,0,1,0,80.0,69,76.33,1,2
1,0,0,1,0,0,1,0,0,54.5,51,53.33,1,1
0,1,1,1,1,0,0,0,0,78.0,68,74.67,1,2
0,2,1,1,0,0,0,1,0,92.0,85,89.67,1,3
0,3,1,1,1,0,0,0,0,72.0,65,69.67,1,1
0,0,1,0,0,1,0,0,0,79.0,73,77.0,1,2
0,2,1,0,0,1,0,0,0,67.0,62,65.33,1,1
1,3,0,0,0,0,1,0,0,65.5,77,69.33,1,1
1,0,1,0,0,0,0,1,0,63.5,69,65.33,1,1
0,3,0,0,0,0,0,1,0,59.0,43,53.67,1,1
1,3,1,0,0,0,0,1,0,86.0,90,87.33,1,3
1,2,0,0,0,0,1,0,0,75.0,74,74.67,1,2
1,0,1,0,0,0,1,0,0,64.5,73,67.33,1,1
0,2,0,0,0,0,0,1,0,70.0,55,65.0,1,1
0,1,1,0,0,0,1,0,0,68.0,65,67.0,1,1
1,3,1,0,0,0,0,1,0,63.0,80,68.67,1,1
0,0,0,1,0,0,1,0,0,60.0,50,56.67,1,1
0,2,0,1,0,0,1,0,0,72.0,63,69.0,1,1
0,4,0,0,0,1,0,0,0,86.0,77,83.0,1,3
1,2,1,0,0,0,1,0,0,67.5,73,69.33,1,1
1,3,1,1,0,0,0,1,0,74.5,81,76.67,1,2
0,1,0,0,0,0,1,0,0,72.0,66,70.0,1,2
1,3,0,0,0,0,0,1,0,53.5,52,53.0,1,1
0,2,1,0,0,0,1,0,0,77.0,69,74.33,1,2
0,3,1,1,0,0,1,0,0,84.0,65,77.67,1,2
0,1,1,1,0,0,0,1,0,77.5,69,74.67,1,2
0,2,1,1,0,1,0,0,0,65.0,50,60.0,1,1
0,2,1,1,0,0,0,0,1,77.0,73,75.67,1,2
0,0,1,1,0,0,1,0,0,79.0,70,76.0,1,2
1,3,0,0,0,0,0,1,0,76.5,81,78.0,1,2
1,2,0,0,0,0,0,1,0,60.5,63,61.33,1,1
0,1,1,0,0,0,0,1,0,73.0,67,71.0,1,2
1,1,1,0,0,1,0,0,0,64.0,60,62.67,1,1
1,1,1,0,0,1,0,0,0,54.5,62,57.0,1,1
0,0,0,1,0,0,1,0,0,42.0,29,37.67,0,0
1,2,1,1,0,1,0,0,0,67.0,62,65.33,1,1
0,5,1,1,0,0,0,0,1,99.5,94,97.67,1,4
1,2,1,1,0,0,0,0,1,71.5,85,76.0,1,2
1,3,0,0,0,0,0,1,0,75.5,77,76.0,1,2
1,1,0,0,1,0,0,0,0,51.0,53,51.67,1,1
1,2,0,0,0,0,0,0,1,86.5,93,88.67,1,3
0,3,1,0,0,0,1,0,0,53.0,49,51.67,1,1
0,3,0,0,0,0,0,0,1,77.0,73,75.67,1,2
0,4,0,1,0,0,1,0,0,77.5,66,73.67,1,2
0,3,1,0,0,0,0,1,0,75.0,77,75.67,1,2
0,0,1,0,0,0,1,0,0,59.5,49,56.0,1,1
0,2,0,0,0,0,0,1,0,87.5,79,84.67,1,3
0,3,1,1,0,0,1,0,0,86.0,75,82.33,1,3
0,4,1,0,1,0,0,0,0,71.0,59,67.0,1,1
0,3,1,1,0,0,0,1,0,78.5,57,71.33,1,2
1,1,0,0,0,0,1,0,0,62.5,66,63.67,1,1
0,4,1,1,0,0,0,0,1,81.5,79,80.67,1,3
0,0,1,0,0,1,0,0,0,69.5,57,65.33,1,1
1,4,1,1,1,0,0,0,0,85.5,87,86.0,1,3
0,2,1,0,0,0,0,1,0,65.5,63,64.67,1,1
0,0,0,1,0,1,0,0,0,63.5,59,62.0,1,1
1,4,0,0,1,0,0,0,0,68.5,62,66.33,1,1
1,1,1,0,0,0,0,1,0,35.0,46,38.67,0,0
1,2,1,0,0,0,1,0,0,55.5,66,59.0,1,1
1,1,1,0,0,0,0,1,0,83.0,89,85.0,1,3
0,3,0,1,0,0,0,1,0,59.5,42,53.67,1,1
1,2,1,1,0,0,1,0,0,87.0,93,89.0,1,3
0,0,1,1,0,0,0,0,1,85.0,80,83.33,1,3
0,2,1,0,0,0,0,1,0,99.5,98,99.0,1,4
1,5,1,0,0,0,0,1,0,82.5,81,82.0,1,3
0,0,1,1,0,1,0,0,0,72.0,60,68.0,1,1
0,3,0,1,0,1,0,0,0,90.5,76,85.67,1,3
1,3,1,1,0,0,1,0,0,75.0,73,74.33,1,2
0,3,1,1,0,0,1,0,0,97.5,96,97.0,1,4
0,1,1,0,0,0,1,0,0,75.0,76,75.33,1,2
1,3,0,1,0,0,0,0,1,76.5,91,81.33,1,3
0,2,0,0,0,0,1,0,0,71.0,62,68.0,1,1
1,0,0,1,0,0,0,1,0,59.0,55,57.67,1,1
0,0,0,1,0,1,0,0,0,89.0,74,84.0,1,3
1,1,1,0,0,0,1,0,0,45.0,50,46.67,0,0
1,2,1,0,0,1,0,0,0,42.0,47,43.67,0,0
1,2,1,1,0,0,0,0,1,72.5,81,75.33,1,2
0,3,1,1,0,0,0,0,1,76.0,65,72.33,1,2
1,0,1,1,0,0,0,0,1,54.0,68,58.67,1,1
0,1,0,0,0,0,0,1,0,88.0,73,83.0,1,3
1,2,1,0,0,0,1,0,0,38.0,53,43.0,0,0
0,3,0,1,0,1,0,0,0,78.5,68,75.0,1,2
1,0,0,0,1,0,0,0,0,44.5,55,48.0,0,0
0,2,1,1,0,0,1,0,0,91.5,87,90.0,1,4
1,0,1,0,0,0,0,1,0,45.5,55,48.67,0,0
0,2,0,0,0,0,0,0,1,57.5,53,56.0,1,1
1,5,1,0,0,0,1,0,0,58.0,67,61.0,1,1
1,3,1,0,0,0,1,0,0,81.5,92,85.0,1,3
0,2,0,1,0,1,0,0,0,69.5,53,64.0,1,1
1,3,1,0,0,0,0,1,0,72.0,81,75.0,1,2
1,1,0,0,0,0,1,0,0,57.5,61,58.67,1,1
1,4,1,0,0,0,0,1,0,72.5,80,75.0,1,2
0,3,0,0,1,0,0,0,0,56.5,37,50.0,1,1
0,1,1,0,0,0,1,0,0,83.0,81,82.33,1,3
0,3,1,1,0,0,1,0,0,72.5,59,68.0,1,1
1,2,0,0,0,1,0,0,0,51.0,55,52.33,1,1
1,3,1,0,0,0,0,1,0,76.5,72,75.0,1,2
1,1,1,0,0,0,0,1,0,73.0,69,71.67,1,2
1,2,1,0,0,0,1,0,0,66.0,69,67.0,1,1
0,4,0,0,0,0,1,0,0,59.5,50,56.33,1,1
1,2,1,1,0,1,0,0,0,85.0,87,85.67,1,3
1,0,1,1,0,0,0,1,0,68.5,71,69.33,1,1
1,2,1,0,0,0,0,0,1,68.5,68,68.33,1,1
1,5,0,1,0,0,1,0,0,76.0,79,77.0,1,2
0,0,1,1,0,0,1,0,0,87.5,77,84.0,1,3
1,3,0,0,0,0,1,0,0,54.0,58,55.33,1,1
0,3,1,0,0,0,0,0,1,93.5,84,90.33,1,4
1,2,1,0,0,0,0,1,0,55.0,55,55.0,1,1
1,4,0,1,0,0,0,0,1,70.0,70,70.0,1,2
0,2,0,1,0,0,0,1,0,62.0,52,58.67,1,1
1,2,1,1,0,1,0,0,0,77.0,69,74.33,1,2
0,1,0,0,0,0,1,0,0,68.0,53,63.0,1,1
0,0,1,0,0,0,0,1,0,56.0,48,53.33,1,1
1,0,1,1,0,0,0,1,0,83.5,78,81.67,1,3
0,1,1,0,0,1,0,0,0,62.5,62,62.33,1,1
1,2,1,0,0,0,0,1,0,61.0,60,60.67,1,1
0,1,1,0,0,1,0,0,0,72.0,74,72.67,1,2
0,1,1,1,0,0,1,0,0,76.0,58,70.0,1,2
1,1,1,1,0,1,0,0,0,61.0,76,66.0,1,1
0,0,1,0,0,0,0,1,0,73.0,68,71.33,1,2
1,2,0,0,1,0,0,0,0,58.5,58,58.33,1,1
1,1,1,0,0,1,0,0,0,48.5,52,49.67,0,0
1,4,1,0,0,0,0,1,0,73.5,75,74.0,1,2
0,0,0,1,0,1,0,0,0,69.5,52,63.67,1,1
0,4,0,0,0,0,1,0,0,78.5,62,73.0,1,2
1,2,1,0,0,1,0,0,0,62.5,66,63.67,1,1
0,0,0,0,0,1,0,0,0,56.5,49,54.0,1,1
0,1,1,0,0,1,0,0,0,71.0,66,69.33,1,1
0,2,0,0,0,0,1,0,0,43.5,35,40.67,0,0
0,2,1,1,1,0,0,0,0,80.5,72,77.67,1,2
1,3,1,1,0,0,0,0,1,83.5,94,87.0,1,3
0,3,0,0,0,0,0,1,0,56.5,46,53.0,1,1
0,5,1,0,0,1,0,0,0,87.0,77,83.67,1,3
0,1,0,1,0,1,0,0,0,83.5,76,81.0,1,3
0,3,1,1,0,0,1,0,0,60.5,52,57.67,1,1
1,4,1,1,0,0,1,0,0,80.0,91,83.67,1,3
0,0,1,1,0,1,0,0,0,47.5,32,42.33,0,0
0,0,0,0,0,0,0,0,1,78.0,72,76.0,1,2
0,2,1,0,0,1,0,0,0,35.0,27,32.33,0,0
1,3,0,0,0,0,1,0,0,63.0,68,64.67,1,1
0,5,0,0,0,0,1,0,0,63.0,52,59.33,1,1
0,1,1,0,0,1,0,0,0,61.0,48,56.67,1,1
0,2,0,0,0,0,0,1,0,68.0,60,65.33,1,1
1,1,0,0,0,0,0,1,0,71.5,66,69.67,1,1
1,0,1,1,0,0,0,0,1,80.5,89,83.33,1,3
0,1,1,0,0,1,0,0,0,51.5,42,48.33,0,0
0,3,0,1,0,0,0,0,1,70.5,57,66.0,1,1
1,1,1,0,0,0,0,1,0,70.0,70,70.0,1,2
0,3,0,0,0,0,0,0,1,82.5,70,78.33,1,2
1,2,1,0,0,0,0,0,1,57.0,69,61.0,1,1
0,3,1,0,0,0,1,0,0,56.0,52,54.67,1,1
1,0,1,1,0,0,1,0,0,70.5,67,69.33,1,1
1,0,1,1,0,0,1,0,0,76.5,76,76.33,1,2
0,3,1,0,0,0,0,0,1,94.5,87,92.0,1,4
0,2,1,0,0,1,0,0,0,86.0,82,84.67,1,3
0,2,1,0,0,0,1,0,0,77.0,73,75.67,1,2
1,2,0,0,1,0,0,0,0,77.5,75,76.67,1,2
0,2,0,0,0,0,0,1,0,74.5,64,71.0,1,2
0,1,0,0,0,0,0,0,1,42.5,41,42.0,0,0
1,1,1,0,0,0,1,0,0,72.0,90,78.0,1,2
1,4,1,0,0,1,0,0,0,52.5,59,54.67,1,1
1,0,1,0,1,0,0,0,0,33.5,51,39.33,0,0
1,1,0,0,1,0,0,0,0,48.0,45,47.0,0,0
0,5,1,1,0,0,1,0,0,65.5,54,61.67,1,1
1,0,1,1,0,0,0,0,1,80.0,87,82.33,1,3
0,1,1,0,0,0,1,0,0,81.5,72,78.33,1,2
1,0,1,1,0,1,0,0,0,86.5,94,89.0,1,3
0,4,1,0,1,0,0,0,0,61.5,45,56.0,1,1
1,4,0,1,0,0,0,1,0,73.0,61,69.0,1,1
0,1,0,0,0,1,0,0,0,70.0,60,66.67,1,1
0,0,1,0,0,0,1,0,0,89.5,77,85.33,1,3
0,0,1,1,1,0,0,0,0,91.0,85,89.0,1,3
0,4,0,0,0,0,0,1,0,91.5,78,87.0,1,3
1,2,0,1,0,0,0,0,1,51.5,49,50.67,1,1
0,1,0,0,0,1,0,0,0,84.5,71,80.0,1,3
0,0,0,0,0,0,1,0,0,55.0,48,52.67,1,1
1,1,1,0,0,0,1,0,0,62.5,62,62.33,1,1
0,3,0,1,0,0,1,0,0,69.0,56,64.67,1,1
0,0,1,0,0,0,1,0,0,72.5,65,70.0,1,2
0,0,0,1,0,0,0,1,0,83.5,69,78.67,1,2
1,0,1,0,0,1,0,0,0,53.5,68,58.33,1,1
0,2,0,0,1,0,0,0,0,58.5,61,59.33,1,1
0,4,0,1,0,0,1,0,0,87.5,74,83.0,1,3
1,4,1,0,1,0,0,0,0,59.0,64,60.67,1,1
0,1,1,1,0,1,0,0,0,85.5,77,82.67,1,3
1,2,1,0,0,1,0,0,0,47.5,58,51.0,1,1
0,1,1,1,0,0,1,0,0,69.0,60,66.0,1,1
1,1,1,0,0,0,0,0,1,60.5,73,64.67,1,1
0,1,1,1,1,0,0,0,0,80.5,75,78.67,1,2
1,3,0,1,0,1,0,0,0,55.0,58,56.0,1,1
0,3,1,0,0,0,1,0,0,75.0,66,72.0,1,2
0,1,0,0,0,0,0,1,0,49.0,39,45.67,0,0
1,0,1,0,0,0,1,0,0,54.5,64,57.67,1,1
0,1,0,1,0,1,0,0,0,40.0,27,35.67,0,0
1,2,0,1,0,1,0,0,0,76.5,74,75.67,1,2
0,0,0,1,0,0,0,1,0,64.5,40,56.33,1,1
1,5,1,0,0,0,0,0,1,84.5,90,86.33,1,3
1,5,1,1,0,0,1,0,0,85.0,91,87.0,1,3
1,1,1,0,0,0,0,1,0,52.0,64,56.0,1,1
0,1,1,0,0,0,1,0,0,70.0,59,66.33,1,1
1,3,1,0,0,0,0,1,0,72.0,80,74.67,1,2
1,5,1,0,0,0,1,0,0,67.0,71,68.33,1,1
0,1,1,0,1,0,0,0,0,65.5,61,64.0,1,1
0,2,1,0,0,0,0,0,1,89.0,87,88.33,1,3
1,0,1,0,0,0,0,0,1,64.0,82,70.0,1,2
1,0,1,0,0,0,1,0,0,59.5,62,60.33,1,1
0,4,1,0,0,1,0,0,0,96.5,97,96.67,1,4
1,2,0,0,0,1,0,0,0,66.5,75,69.33,1,1
0,4,1,0,0,0,1,0,0,80.0,65,75.0,1,2
1,1,1,1,0,1,0,0,0,47.5,52,49.0,0,0
1,3,0,0,0,0,1,0,0,72.5,87,77.33,1,2
0,3,1,0,0,0,1,0,0,57.5,53,56.0,1,1
0,5,0,0,0,0,0,0,1,86.5,81,84.67,1,3
1,4,0,1,0,0,0,1,0,40.0,39,39.67,0,0
0,2,1,1,0,0,1,0,0,75.5,71,74.0,1,2
1,3,1,0,0,0,1,0,0,92.0,97,93.67,1,4
1,2,1,1,0,0,0,1,0,85.0,82,84.0,1,3
1,1,0,0,0,0,1,0,0,52.5,59,54.67,1,1
1,3,1,0,0,1,0,0,0,41.5,61,48.0,0,0
1,3,0,1,0,0,0,0,1,73.0,78,74.67,1,2
1,3,0,0,0,0,1,0,0,51.0,49,50.33,1,1
1,1,1,0,0,1,0,0,0,52.5,59,54.67,1,1
0,2,1,1,0,0,1,0,0,74.0,70,72.67,1,2
1,3,1,1,0,1,0,0,0,81.0,82,81.33,1,3
1,3,0,0,0,0,0,0,1,86.0,90,87.33,1,3
0,4,0,0,0,0,1,0,0,61.5,43,55.33,1,1
1,2,0,0,0,0,1,0,0,65.0,80,70.0,1,2
1,2,1,0,0,0,0,1,0,83.0,81,82.33,1,3
1,0,1,0,0,0,1,0,0,57.5,57,57.33,1,1
0,0,1,0,0,0,0,1,0,76.0,59,70.33,1,2
0,3,1,0,0,0,0,1,0,75.0,64,71.33,1,2
1,4,1,1,0,0,1,0,0,65.0,63,64.33,1,1
0,4,1,1,0,0,0,0,1,70.0,71,70.33,1,2
0,1,0,0,0,1,0,0,0,72.0,64,69.33,1,1
1,4,0,0,0,0,0,1,0,45.0,55,48.33,0,0
0,3,1,0,0,0,0,0,1,52.5,51,52.0,1,1
0,3,1,1,0,0,1,0,0,78.0,62,72.67,1,2
0,3,1,1,0,0,0,0,1,97.5,93,96.0,1,4
1,1,0,0,0,0,1,0,0,65.5,54,61.67,1,1
0,2,0,0,0,0,0,1,0,69.5,69,69.33,1,1
1,1,0,0,0,0,0,1,0,49.5,44,47.67,0,0
0,2,1,1,0,0,0,0,1,88.0,86,87.33,1,3
0,3,1,0,0,0,0,0,1,88.5,85,87.33,1,3
0,5,0,0,1,0,0,0,0,70.0,50,63.33,1,1
1,0,1,1,0,0,0,1,0,74.5,88,79.0,1,2
0,3,1,0,0,0,0,0,1,65.5,59,63.33,1,1
0,0,0,0,0,0,0,0,1,36.0,32,34.67,0,0
1,1,0,0,0,1,0,0,0,28.0,36,30.67,0,0
0,0,0,1,0,1,0,0,0,78.5,63,73.33,1,2
1,3,1,1,0,0,0,1,0,58.5,67,61.33,1,1
0,0,1,1,0,0,0,1,0,80.0,65,75.0,1,2
1,5,1,0,0,0,0,1,0,86.5,85,86.0,1,3
0,5,1,0,0,0,1,0,0,76.0,73,75.0,1,2
0,1,0,1,1,0,0,0,0,44.5,34,41.0,0,0
0,4,0,1,0,0,0,1,0,100.0,93,97.67,1,4
0,0,0,0,0,0,0,1,0,84.0,67,78.33,1,2
1,2,1,0,0,0,0,1,0,77.0,88,80.67,1,3
1,1,1,0,0,1,0,0,0,49.5,57,52.0,1,1
0,2,1,1,0,0,0,1,0,87.5,79,84.67,1,3
0,4,0,0,0,0,1,0,0,73.5,67,71.33,1,2
1,4,1,1,0,0,0,0,1,67.0,70,68.0,1,1
1,4,0,0,0,0,0,1,0,45.0,50,46.67,0,0
0,2,1,0,1,0,0,0,0,83.0,69,78.33,1,2
0,4,1,1,0,0,1,0,0,63.5,52,59.67,1,1
0,4,0,1,0,0,1,0,0,64.0,47,58.33,1,1
0,3,0,0,0,1,0,0,0,58.0,46,54.0,1,1
0,2,1,0,0,0,0,0,1,68.0,68,68.0,1,1
1,4,1,1,0,0,0,0,1,100.0,100,100.0,1,4
0,1,1,0,0,0,1,0,0,56.5,44,52.33,1,1
0,3,1,1,0,0,1,0,0,78.5,57,71.33,1,2
1,2,1,1,0,1,0,0,0,93.5,91,92.67,1,4
1,1,0,0,0,0,0,1,0,68.5,69,68.67,1,1
0,1,0,0,0,0,1,0,0,49.5,35,44.67,0,0
1,1,1,0,0,0,0,1,0,66.0,72,68.0,1,1
0,3,0,0,0,1,0,0,0,65.0,54,61.33,1,1
1,1,0,0,0,0,0,1,0,69.5,74,71.0,1,2
1,0,1,1,0,0,0,0,1,62.0,74,66.0,1,1
1,3,0,0,0,0,0,0,1,54.0,64,57.33,1,1
0,1,0,1,0,0,0,1,0,66.0,65,65.67,1,1
1,3,0,1,0,0,0,0,1,43.5,46,44.33,0,0
0,0,0,0,0,0,1,0,0,53.5,48,51.67,1,1
1,2,0,1,0,0,1,0,0,72.0,67,70.33,1,2
1,2,0,0,0,0,0,1,0,59.5,62,60.33,1,1
1,3,0,1,0,0,0,1,0,72.0,61,68.33,1,1
1,4,0,1,0,0,1,0,0,74.5,70,73.0,1,2
1,3,1,1,0,0,1,0,0,88.5,98,91.67,1,4
1,2,0,0,0,0,0,1,0,60.5,70,63.67,1,1
1,3,1,0,1,0,0,0,0,55.0,67,59.0,1,1
0,1,0,0,0,0,0,0,1,57.5,57,57.33,1,1
1,2,1,1,0,0,0,1,0,83.0,85,83.67,1,3
1,0,1,1,0,0,0,1,0,68.5,77,71.33,1,2
1,5,0,1,0,0,1,0,0,69.0,72,70.0,1,2
0,5,1,0,0,0,0,1,0,93.5,78,88.33,1,3
1,1,1,0,0,0,1,0,0,65.0,81,70.33,1,2
1,0,0,1,1,0,0,0,0,61.5,61,61.33,1,1
0,1,1,0,0,1,0,0,0,64.5,58,62.33,1,1
0,3,1,0,0,0,1,0,0,59.5,54,57.67,1,1
1,1,1,0,0,1,0,0,0,81.0,82,81.33,1,3
0,2,0,0,0,0,0,1,0,59.0,49,55.67,1,1
1,0,0,1,0,1,0,0,0,51.0,49,50.33,1,1
0,1,0,1,0,0,0,0,1,74.0,57,68.33,1,1
1,1,1,0,0,0,0,0,1,72.0,94,79.33,1,2
0,2,1,1,0,0,0,1,0,80.0,75,78.33,1,2
0,0,0,0,0,0,0,0,1,73.0,74,73.33,1,2
1,1,1,1,0,0,1,0,0,53.0,58,54.67,1,1
0,2,1,0,0,0,1,0,0,69.0,62,66.67,1,1
1,3,1,0,0,0,0,0,1,59.5,72,63.67,1,1
1,2,1,0,0,0,1,0,0,84.0,84,84.0,1,3
0,5,1,0,0,0,0,1,0,100.0,92,97.33,1,4
0,1,1,0,0,0,0,1,0,61.0,45,55.67,1,1
1,1,1,0,0,0,1,0,0,76.0,75,75.67,1,2
0,2,1,0,1,0,0,0,0,61.0,56,59.33,1,1
0,0,0,0,0,0,0,1,0,53.5,48,51.67,1,1
0,3,1,0,0,0,0,0,1,100.0,100,100.0,1,4
0,0,0,1,0,0,1,0,0,75.5,65,72.0,1,2
1,2,1,0,0,0,0,1,0,57.5,72,62.33,1,1
0,2,1,0,0,0,0,1,0,71.0,62,68.0,1,1
1,0,1,1,1,0,0,0,0,66.0,66,66.0,1,1
1,2,1,0,0,0,1,0,0,61.5,63,62.0,1,1
0,3,1,0,0,0,0,0,1,71.5,68,70.33,1,2
0,4,1,0,0,1,0,0,0,82.0,75,79.67,1,2
0,4,1,0,0,0,0,1,0,100.0,89,96.33,1,4
1,0,1,1,0,0,1,0,0,70.5,78,73.0,1,2
0,1,0,1,1,0,0,0,0,55.0,53,54.33,1,1
0,2,0,0,0,0,0,1,0,63.0,49,58.33,1,1
0,2,1,0,1,0,0,0,0,65.0,54,61.33,1,1
0,2,1,1,0,0,1,0,0,79.5,64,74.33,1,2
1,2,0,1,0,1,0,0,0,61.0,60,60.67,1,1
1,3,1,0,0,0,1,0,0,61.5,62,61.67,1,1
1,1,1,1,0,0,0,1,0,44.5,55,48.0,0,0
0,3,1,0,0,0,1,0,0,94.5,91,93.33,1,4
0,1,0,0,0,1,0,0,0,27.4375,27,27.29,0,0
1,0,1,0,0,0,0,1,0,78.0,81,79.0,1,2
1,0,1,1,0,1,0,0,0,85.5,79,83.33,1,3
0,2,1,1,1,0,0,0,0,89.0,78,85.33,1,3
0,0,1,0,0,0,1,0,0,78.5,74,77.0,1,2
1,1,1,0,1,0,0,0,0,52.5,57,54.0,1,1
0,3,1,0,0,0,1,0,0,55.0,40,50.0,1,1
1,0,1,1,0,0,0,0,1,75.5,81,77.33,1,2
0,0,0,0,1,0,0,0,0,45.0,44,44.67,0,0
0,2,0,1,0,0,0,1,0,84.5,67,78.67,1,2
1,1,0,1,0,0,0,0,1,78.0,86,80.67,1,3
0,0,1,1,0,1,0,0,0,80.0,65,75.0,1,2
0,3,0,0,0,0,0,1,0,76.0,55,69.0,1,1
0,4,0,0,0,0,0,1,0,73.0,62,69.33,1,1
1,1,1,0,1,0,0,0,0,62.5,63,62.67,1,1
0,5,1,1,0,0,0,0,1,97.0,88,94.0,1,4
1,1,0,0,0,0,1,0,0,55.0,62,57.33,1,1
0,1,0,1,0,0,1,0,0,68.0,59,65.0,1,1
0,2,1,1,0,0,0,1,0,77.5,68,74.33,1,2
0,2,0,0,0,0,0,1,0,86.0,77,83.0,1,3
